station_number, station_name, measurement_height, latitude, longitude, readings_from, readings_to, elevation
102170,Östmark-Åsarna,2,60.2788,12.8538,11/1/2013 0:00,9/30/2016 23:59,135
102190,Östmark-Lämbacken,2,60.3097,12.6959,9/1/1955 0:00,2/29/1980 23:59,177
102200,Östmark-Rännberg,2,60.3328,12.6775,7/1/1980 0:00,7/31/1988 23:59,198
102210,Östmark-Röjdåsen,2,60.3548,12.6491,8/1/1988 0:00,5/31/2000 23:59,308
102390,Brattmon V,2,60.75686,12.77226,3/1/1996 0:00,10/1/2016 9:00,199
102540,Höljes,2,60.9066,12.5843,1/1/1961 0:00,8/31/2016 23:59,230
103050,Edebäck,2,60.0666,13.55,1/1/1961 0:00,6/30/1977 23:59,155
103080,Torsby,2,60.1075,12.9908,11/1/2005 0:00,12/31/2013 23:59,127
103090,Gustavsfors,2,60.1514,13.7975,1/1/1978 0:00,8/31/2016 23:59,190
103100,Gustavsfors A,2,60.1538,13.8019,8/1/1995 0:00,10/1/2016 9:00,187
103410,Malung,2,60.6717,13.7058,10/1/2011 0:00,9/30/2016 23:59,310
103420,Malung A,2,60.6773,13.71,10/1/2009 0:00,10/1/2016 9:00,306
103570,Knås,2,60.9676,13.8985,10/1/1987 0:00,2/28/1989 23:59,280
104090,Fredriksberg,2,60.1426,14.3951,4/1/1989 0:00,12/31/2012 23:59,305
104120,Lejen,2,60.2,14.4,1/1/1961 0:00,11/30/1976 23:59,340
104300,Mockfjärd,2,60.5074,14.9585,4/1/1973 0:00,12/31/1976 23:59,177
104390,Flaten,2,60.651,14.4277,1/1/1994 0:00,9/15/1998 23:59,296
104530,Siljansfors,2,60.8846,14.3786,1/1/1961 0:00,6/30/1991 23:59,260
104580,Mora A,2,60.9607,14.507,8/1/1995 0:00,10/1/2016 9:00,196
105070,Skeppsmora V,2,60.12295,15.12262,3/1/1996 0:00,10/1/2016 9:00,246
105200,Rämshyttan,2,60.3333,15.2,1/1/1961 0:00,4/30/1976 23:59,260
105220,Stora Spånsberget A,2,60.3822,15.1404,8/1/1995 0:00,10/1/2016 9:00,492
105230,Idkerberget,2,60.3758,15.231,1/1/1961 0:00,3/31/2010 23:59,260
105260,Borlänge Flygplats,2,60.4294,15.5079,1/1/1996 0:00,10/1/2016 9:00,152
105280,Borlänge Aut,2,60.4889,15.4324,7/1/1987 0:00,3/31/1999 23:59,140
105310,Borlänge,2,60.502,15.4606,4/1/1974 0:00,4/30/1978 23:59,120
105360,Gråda Kraftverk,2,60.6046,15.0146,1/1/1961 0:00,5/31/1982 23:59,155
105370,Falun-Lugnet,2,60.619,15.6603,6/1/2006 0:00,9/30/2016 23:59,140
105410,Sågmyra,2,60.7004,15.3263,6/1/1985 0:00,1/31/1988 23:59,257
105450,Leksand,2,60.7256,15.0167,10/2/1993 6:00,9/30/2016 23:59,175
105550,Backa,2,60.923,15.1145,9/1/1988 0:00,9/30/1995 23:59,230
105630,Vassbo,2,60.5333,15.5333,1/1/1962 0:00,2/29/1964 23:59,120
105640,Domnarvet,2,60.5,15.45,8/1/1961 0:00,1/31/1965 23:59,128
106040,Brovallen,2,60.0991,16.3062,1/1/1991 0:00,9/30/2016 23:59,100
106060,Sonnbo,2,60.1197,16.2838,10/1/1986 0:00,12/31/1990 23:59,89
106070,Avesta,2,60.1419,16.1747,1/1/1977 0:00,9/30/2016 23:59,100
106100,Folkärna,2,60.169,16.3125,4/25/1981 0:00,1/31/1996 23:59,68
106160,Kerstinbo A,2,60.2688,16.977,8/1/1995 0:00,10/1/2016 9:00,56
106270,Stjärnsund,2,60.4551,16.2662,1/1/1961 0:00,11/30/1984 23:59,130
106360,Sandviken,2,60.6103,16.7896,12/1/1977 0:00,3/31/1987 23:59,65
106500,Vintjärn,2,60.8321,16.0581,5/18/1984 0:00,1/31/1996 23:59,348
106570,Åmot A,2,60.962,16.4311,8/1/1995 0:00,10/1/2016 9:00,162
106580,Åmotsbruk,2,60.9645,16.4631,1/1/1965 0:00,1/31/1996 23:59,145
106630,Gästrike-Hammarby IV,2,60.55,16.5833,1/1/1961 0:00,2/28/1967 23:59,70
107120,Dannemora,2,60.2026,17.9049,4/1/1963 0:00,5/31/1981 23:59,41
107130,Films Kyrkby,2,60.2357,17.9072,2/1/1982 0:00,5/9/2000 23:59,39
107140,Films Kyrkby A,2,60.2363,17.9078,5/1/2000 0:00,10/1/2016 9:00,33
107180,Väsby,2,60.3,17.4333,1/1/1962 0:00,1/31/1975 23:59,35
107270,Untra,2,60.4393,17.3409,6/1/1965 0:00,6/30/1985 23:59,35
107330,Fagerviken,2,60.542,17.7478,12/1/1966 0:00,12/31/1978 23:59,5
107400,Gävle,2,60.6537,17.1693,1/1/1958 0:00,12/31/1965 23:59,11
107420,Gävle A,2,60.7166,17.1641,8/1/1995 0:00,10/1/2016 9:00,16
107440,Eggegrund A,2,60.7304,17.5612,10/1/1995 0:00,10/1/2016 9:00,5
107450,Utvalnäs Aut,2,60.7547,17.3574,1/1/1991 0:00,11/1/1995 23:59,5
107530,Västra Banken Aut,2,60.88,17.93,6/1/1970 0:00,9/30/1970 18:00,5
108100,Singö,2,60.1595,18.7436,9/1/1967 0:00,1/31/1996 23:59,12
108110,Risinge,2,60.175,18.2272,2/1/1962 0:00,8/31/2016 23:59,15
108170,Understen,2,60.2761,18.9227,12/1/1988 0:00,8/31/1992 23:59,12
108300,Grundkallen,2,60.5,18.8666,1/1/1965 0:00,11/30/1979 23:59,23
108320,Örskär A,2,60.5262,18.3766,11/21/1995 0:00,10/1/2016 9:00,8
108640,Öregrund,2,60.3333,18.4333,7/1/1949 0:00,8/31/1967 23:59,7
112080,Rörbäcksnäs,2,61.1269,12.8226,2/1/1968 0:00,3/31/1970 23:59,455
112170,Grundforsen,2,61.2797,12.8568,1/1/1961 0:00,5/29/2013 18:00,412
112510,Flötningen,2,61.8526,12.2689,12/1/1969 0:00,2/28/1986 23:59,670
112530,Idre-Storbo V,2,61.8691,12.3024,4/1/1996 0:00,4/30/1997 23:59,660
112540,Idre Fjäll A,2,61.8892,12.8542,11/1/1995 0:00,10/1/2016 9:00,869
113070,Sälen-Högfjället V,2,61.15829,13.11383,3/1/1996 0:00,10/1/2016 9:00,751
113100,Sälen,2,61.1691,13.2593,1/1/1969 0:00,3/31/2009 23:59,360
113110,Tandådalen Aut,2,61.1766,13.0164,5/1/1985 0:00,2/20/1998 23:59,830
113410,Särna,2,61.6912,13.1589,4/6/1957 0:00,10/31/1973 23:59,441
113420,Särna A,2,61.6912,13.1865,11/1/2000 0:00,10/1/2016 9:00,425
113610,Storfjället-Sälen,2,61.1666,13.1166,1/1/1966 0:00,5/31/1967 23:59,770
114010,Mora,2,61.0025,14.5874,9/1/1975 0:00,3/9/1977 23:59,190
114140,Älvdalen A,2,61.2542,14.0383,8/1/1995 0:00,10/1/2016 9:00,252
114160,Älvdalen II,2,61.2555,14.0375,1/26/1996 6:00,6/30/1996 23:59,250
114270,Kvarnberg,2,61.4446,14.8744,1/1/1965 0:00,1/31/1973 23:59,434
114330,Kräckelbäcken,2,61.55,14.2,10/1/1968 0:00,11/30/1977 23:59,670
114360,Ulvsjö,2,61.6022,14.1847,1/1/1978 0:00,9/30/2016 23:59,585
114390,Lillhamra,2,61.6408,14.8015,2/1/1962 0:00,2/28/1962 23:59,424
114400,Hamra,2,61.6577,14.9943,3/1/1973 0:00,11/30/1995 23:59,440
114410,Hamra A,2,61.6606,14.9948,12/15/1995 0:00,10/1/2016 9:00,454
114510,Lillhärdal,2,61.8547,14.0921,2/1/2008 0:00,9/30/2016 23:59,440
114630,Noppikoski,2,61.5,14.85,1/1/1965 0:00,9/30/1967 23:59,340
115040,Dalstuga,2,61.0666,15.7,10/1/1970 0:00,8/31/1977 23:59,240
115050,Svabensverk,2,61.0442,15.7921,10/1/1977 0:00,8/31/1978 23:59,240
115220,Edsbyn A,2,61.3613,15.7175,1/1/1996 0:00,10/1/2016 9:00,184
115230,Edsbyn,2,61.3784,15.8352,1/1/1951 0:00,1/31/1974 23:59,189
116230,Röstebo,2,61.3882,16.4295,7/1/1995 0:00,9/30/2012 23:59,115
116240,Dönje,2,61.395,16.4145,3/1/1969 0:00,6/30/1995 23:59,85
116430,Järvsö,2,61.7111,16.1667,10/1/2013 0:00,9/30/2016 23:59,140
116480,Delsbo,2,61.7854,16.5505,1/1/1967 0:00,11/30/1995 23:59,88
116490,Delsbo A,2,61.8271,16.5418,12/1/1995 0:00,10/1/2016 9:00,70
116500,Ljusdal,2,61.8333,16.1333,1/1/1962 0:00,12/31/1975 23:59,140
116650,Bjuråker,2,61.85,16.5833,1/1/1949 0:00,12/31/1966 23:59,66
117160,Söderhamn A,2,61.2691,17.0983,9/1/2001 0:00,1/3/2012 23:59,26
117170,Söderhamn,2,61.3198,17.0967,5/1/1999 0:00,3/31/2004 23:59,10
117330,Agö,2,61.55,17.4666,1/1/1949 0:00,10/31/1973 23:59,20
117370,Hölick,2,61.6239,17.4401,6/1/1987 0:00,10/31/1995 23:59,5
117420,Kuggören,2,61.7027,17.5225,7/1/1970 0:00,5/31/1987 23:59,2
117430,Kuggören A,2,61.7033,17.525,12/15/1995 0:00,10/1/2016 9:00,8
117440,Hudiksvall,2,61.7167,17.086,4/26/1993 0:00,6/30/1996 23:59,10
117610,Storjungfrun,2,61.1666,17.3333,1/1/1961 0:00,7/31/1964 23:59,10
118610,Finngrundets Fyrskepp,2,61.0666,18.6833,1/1/1961 0:00,6/30/1969 23:59,5
122260,Tännäs A,2,62.4502,12.6702,11/21/1995 0:00,10/1/2016 9:00,723
122330,Ljusnedal,2,62.5493,12.6043,1/1/1961 0:00,9/30/2016 23:59,585
122360,Fjällnäs,2,62.5772,12.2223,7/9/1969 0:00,1/31/1996 23:59,780
122430,Flatruet V,2,62.72909,12.7264,3/1/1996 0:00,10/1/2016 9:00,932
122610,Grövelsjön,2,62.0991,12.3153,7/1/1966 0:00,4/30/1969 23:59,815
123060,Dravagen A,2,62.0943,13.6115,10/26/1995 0:00,10/1/2016 9:00,566
123070,Lofsdalen,2,62.1132,13.2841,10/1/1984 0:00,9/30/1995 23:59,610
123250,Hede,2,62.4172,13.5168,1/1/1961 0:00,6/30/1991 23:59,420
123340,Hedeviken,2,62.4112,13.6748,10/1/2008 0:00,9/30/2016 23:59,410
123460,Börtnan A,2,62.7557,13.8456,12/15/1995 0:00,10/1/2016 9:00,467
123480,Storsjö Kapell,2,62.8016,13.0731,1/1/1955 0:00,1/31/1996 23:59,580
124020,Sveg,2,62.0291,14.3508,1/1/1951 0:00,12/31/1997 23:59,360
124030,Sveg A,2,62.0471,14.41,10/1/2009 0:00,10/1/2016 10:00,362
124110,Ytterhogdal,2,62.1809,14.9524,6/1/1975 0:00,8/31/1992 23:59,260
124300,Klövsjöhöjden A,2,62.4961,14.1571,1/1/1996 0:00,10/1/2016 10:00,802
124320,Klövsjö,2,62.5335,14.2028,10/1/1977 0:00,12/31/1995 23:59,549
124390,Skålan,2,62.65,14.1666,12/1/1962 0:00,12/31/1976 23:59,452
125020,Finneby,2,62.0424,15.4655,12/1/1976 0:00,1/31/1996 23:59,259
125170,Norrberg-Norrhög V,2,62.26317,15.67093,3/1/1996 0:00,10/1/2016 10:00,327
125440,Hunge A,2,62.7512,15.0876,10/6/1995 0:00,10/1/2016 10:00,343
125450,Hunge,2,62.7503,15.0984,1/1/1965 0:00,9/30/1996 23:59,342
125490,Gustavsnäs D,2,62.8108,15.9333,9/1/2013 0:00,9/30/2013 23:59,300
126290,Torpshammar A,2,62.4943,16.2774,1/1/1996 0:00,10/1/2016 10:00,99
126300,Fränsta 11,2,62.5165,16.2084,9/1/1962 0:00,12/31/1995 23:59,110
126440,Sillre V,2,62.76291,16.7387,3/1/1996 0:00,10/1/2016 10:00,210
126460,Ljungå,2,62.7594,16.3141,1/1/1961 0:00,1/31/1987 23:59,220
126480,Järkvissle,2,62.8166,16.6833,11/1/1971 0:00,5/31/1972 23:59,90
126630,Fränsta,2,62.5,16.1833,1/1/1962 0:00,12/31/1963 23:59,110
127130,Brämön A,2,62.2207,17.7426,10/1/1995 0:00,10/1/2016 10:00,17
127140,Lörudden,2,62.2314,17.6623,12/1/1967 0:00,1/31/1986 23:59,2
127220,Sidsjö D,2,62.3809,17.2854,1/1/1961 0:00,7/31/2007 23:59,60
127230,Sundsvall-Råsta V,2,62.43064,17.3447,3/1/1996 0:00,10/1/2016 10:00,83
127240,Sundsvall,2,62.4066,17.2664,8/1/1970 0:00,6/30/1981 23:59,35
127310,Sundsvalls Flygplats,2,62.5246,17.441,12/1/1955 0:00,10/1/2016 10:00,4
127380,Härnösand,2,62.628,17.9471,1/1/1949 0:00,9/30/2016 23:59,8
127600,Gran,2,62.0166,17.6333,1/1/1951 0:00,10/31/1967 23:59,20
127620,Brämö,2,62.1299,17.4498,11/11/1967 0:00,12/31/1970 23:59,17
127630,Söråker,2,62.5166,17.5166,7/1/1962 0:00,12/31/1964 23:59,45
128370,Härnö,2,62.6183,18.0618,10/1/1970 0:00,12/31/1989 23:59,10
128390,Lungö A,2,62.6431,18.0929,2/12/1990 0:00,8/15/1995 23:59,6
128510,Nordvik,2,62.8485,18.0159,1/1/1961 0:00,6/30/1987 23:59,20
128590,Ullånger,2,62.9948,18.1794,1/1/1961 0:00,1/31/1998 23:59,45
132030,Sylarna A,2,63.0447,12.2775,11/20/1995 15:00,10/1/2016 10:00,1030
132110,Blåhammaren A,2,63.1864,12.1761,10/1/2010 0:00,10/1/2016 10:00,1090
132170,Storlien-Storvallen A,2,63.2831,12.1246,11/1/2009 0:00,10/1/2016 10:00,583
132180,Storlien-Visjövalen,2,63.3028,12.1253,10/1/1962 0:00,9/30/2011 23:59,642
132240,Duved,2,63.4,12.9333,1/1/1961 0:00,12/31/1979 23:59,385
132590,Edevik,2,63.9812,12.8709,7/1/1980 0:00,8/31/2016 23:59,425
132620,Storlien,2,63.3158,12.1009,1/1/1951 0:00,6/30/1964 23:59,595
133030,Bydalen V,2,63.044,13.8907,3/1/1996 0:00,5/31/1998 23:59,1000
133050,Höglekardalen,2,63.0796,13.7529,2/1/1962 0:00,9/30/2016 23:59,592
133160,Trillevallen V,2,63.2631,13.2166,10/1/1998 0:00,4/17/2001 18:00,611
133180,Mattmar V,2,63.30543,13.87671,3/1/1996 0:00,10/1/2016 10:00,360
133190,Mörsil,2,63.3193,13.6488,7/1/1971 0:00,8/31/2016 23:59,400
133200,Undersåker,2,63.3269,13.3826,5/1/1967 0:00,5/31/1983 23:59,330
133230,Åre,2,63.4,13.1,1/1/1961 0:00,1/31/1971 23:59,440
133250,Åre-Björnänge V,2,63.37375,13.16067,4/17/2001 0:00,10/1/2016 10:00,403
133260,Åreskutan Aut,2,63.4304,13.0746,1/1/1982 0:00,1/21/1998 23:59,1280
133470,Överäng,2,63.7788,13.0734,12/1/1966 0:00,2/28/2006 23:59,450
133500,Korsvattnet A,2,63.8395,13.5037,2/1/1996 0:00,10/1/2016 10:00,717
133570,Stora Stensjön Aut,2,63.9687,13.7251,8/1/1981 0:00,1/31/1996 23:59,680
133630,Mo,2,63.3166,13.4833,1/1/1961 0:00,3/31/1967 23:59,330
134090,Norderön,2,63.1618,14.3692,12/1/2006 0:00,9/30/2016 23:59,320
134100,Östersund,2,63.1736,14.6786,5/1/1967 0:00,6/30/1980 23:59,345
134110,Frösön,2,63.1974,14.4863,1/19/1970 0:00,10/1/2016 10:00,376
134130,Frösön D,2,63.1947,14.4898,11/1/2002 0:00,6/30/2006 23:59,375
134150,Rösta,2,63.2443,14.5535,1/1/1961 0:00,12/31/2011 23:59,360
134410,Föllinge A,2,63.677,14.6079,12/1/1995 0:00,10/1/2016 10:00,362
134460,Föllinge-Vägskälet,2,63.7606,14.4323,2/1/1980 0:00,11/30/1995 23:59,475
134520,Ålåsen,2,63.8683,14.6063,1/1/1965 0:00,12/31/1979 23:59,450
134590,Almdalen,2,63.9967,14.6701,7/1/1972 0:00,8/31/2016 23:59,615
135380,Sikåskälen,2,63.6198,15.0929,1/1/1961 0:00,6/30/1984 23:59,490
135440,Hallviken,2,63.73,15.5,1/1/1951 0:00,11/30/1978 23:59,337
135460,Hallhåxåsen A,2,63.7695,15.331,12/1/1995 0:00,10/1/2016 10:00,375
135520,Strömsund,2,63.8548,15.5894,1/1/1979 0:00,11/30/1995 23:59,373
135640,Gisselås,2,63.7,15.3666,1/1/1965 0:00,7/31/1965 23:59,320
136010,Bispgården,2,63.0335,16.5536,1/1/1961 0:00,1/31/1978 23:59,165
136020,Bispgården,2,63.0509,16.5358,11/1/1984 0:00,6/30/1988 23:59,190
136090,Krångede A,2,63.1521,16.1733,11/21/1995 0:00,10/1/2016 10:00,183
136360,Storfinnforsen,2,63.595,16.1846,1/1/1961 0:00,8/31/2016 23:59,232
136410,Junsele A,2,63.6849,16.9531,1/1/2008 0:00,10/1/2016 10:00,214
136420,Junsele,2,63.6968,16.8723,1/1/1963 0:00,9/10/1964 23:59,210
136610,Bölestrand,2,63.1333,16.15,1/1/1955 0:00,3/31/1965 23:59,220
137030,Viksbäcken,2,63.05,17.75,10/1/1951 0:00,4/30/1976 23:59,6
137040,Kramfors-Gistgårdsön,2,63.0502,17.7658,9/1/1976 0:00,4/30/1996 23:59,5
137080,Forse,2,63.1466,17.0262,11/1/1996 0:00,9/30/2016 23:59,120
137100,Sollefteå,2,63.1667,17.2802,1/1/1971 0:00,6/30/1986 23:59,20
137110,Lännäs,2,63.16629,17.65431,6/1/2015 6:00,9/30/2016 23:59,30
137560,Tegelträsk,2,63.9515,17.904,1/1/1961 0:00,8/31/1985 23:59,380
138070,Västmarkum A,2,63.1251,18.2555,12/15/1995 0:00,10/1/2016 10:00,141
138240,Örnsköldsviks Flygplats,2,63.4119,18.9797,1/1/2008 0:00,10/1/2016 10:00,108
138270,Bredbyn,2,63.4608,18.0592,5/1/1983 0:00,9/30/1995 23:59,85
138390,Hemling A,2,63.6513,18.5502,12/15/1995 0:00,10/1/2016 10:00,182
138400,Hemling,2,63.6574,18.5318,7/1/1970 0:00,7/31/2011 23:59,190
139110,Skagsudde,2,63.1885,19.0194,1/1/1965 0:00,10/31/1995 23:59,13
139120,Skagsudde A,2,63.1886,19.0202,11/1/1995 0:00,10/1/2016 10:00,11
139200,Kasa D,2,63.3266,19.0532,1/1/1961 0:00,6/30/1986 23:59,30
139260,Järnäsklubb A,2,63.4359,19.6768,12/15/1995 0:00,10/1/2016 10:00,6
139340,Nordmaling,2,63.5739,19.4875,9/13/1982 0:00,3/31/1987 23:59,4
139540,Vännäs,2,63.9187,19.6986,1/1/1951 0:00,8/31/1976 23:59,87
139570,Balsjö,2,63.925,19.0611,1/1/1945 0:00,6/30/1948 23:59,195
140200,Sydostbrotten Aut,2,63.3806,20.0993,2/1/1981 0:00,6/10/1993 23:59,24
140360,Holmögadd A,2,63.5949,20.7565,1/1/1951 0:00,1/11/2008 18:00,6
140460,Holmön A,2,63.8082,20.8692,5/1/2005 0:00,10/1/2016 10:00,6
140480,Umeå Flygplats,2,63.7947,20.2918,1/1/1962 0:00,12/31/1964 23:59,7
140490,Röbäcksdalen,2,63.8129,20.2397,1/1/1962 0:00,6/30/1987 23:59,10
140500,Umeå,2,63.8302,20.2901,9/1/1962 0:00,9/30/1979 23:59,10
142030,Björkede,2,64.0432,12.9414,1/1/1965 0:00,5/31/1980 23:59,451
143440,Jormlien,2,64.7306,13.986,11/1/1980 0:00,8/31/2016 23:59,360
144160,Munsvattnet,2,64.2734,14.451,1/1/1961 0:00,4/30/1997 23:59,520
144300,Gäddede,2,64.5059,14.1465,5/22/1976 0:00,2/28/1982 23:59,318
144310,Gäddede A,2,64.5057,14.2238,1/1/2008 0:00,10/1/2016 10:00,550
144650,Ankarvattnet,2,64.8666,14.25,1/1/1965 0:00,1/31/1966 23:59,460
145130,Gubbhögen A,2,64.2182,15.5561,12/15/1995 0:00,10/1/2016 10:00,310
145260,Norråker,2,64.4309,15.6332,8/1/1975 0:00,11/30/1995 23:59,344
145280,Korsselbränna,2,64.4571,15.5423,1/1/1961 0:00,12/31/1975 23:59,178
145340,Högland,2,64.5666,15.9166,1/1/1951 0:00,6/30/1975 23:59,401
145450,Brännåkersfjället V,2,64.7507,15.8307,4/1/1996 0:00,3/31/1997 23:59,630
145580,Saxnäs V,2,64.96782,15.37907,10/1/1998 0:00,10/1/2016 10:00,542
146050,Hoting A,2,64.0885,16.2388,2/1/1996 0:00,10/1/2016 10:00,241
146070,Hoting,2,64.1236,16.2149,12/1/1969 0:00,9/30/1997 23:59,240
146350,Vilhelmina A,2,64.5809,16.8421,10/1/1995 0:00,10/1/2016 10:00,348
146380,Laxbäcken,2,64.6389,16.4142,1/1/1961 0:00,8/31/2016 23:59,345
147090,Åsele A,2,64.1661,17.3188,12/15/1995 0:00,10/1/2016 10:00,307
147100,Åsele,2,64.159,17.3494,1/1/1992 0:00,8/31/2016 23:59,310
147270,Idvattnet,2,64.4542,17.0794,10/1/1982 0:00,1/31/1996 23:59,352
147420,Risträsk V,2,64.73431,17.40337,3/1/1996 0:00,10/1/2016 10:00,598
147460,Ulvoberg,2,64.7627,17.2165,1/1/1961 0:00,1/31/2005 23:59,520
147560,Gunnarn A,2,65.0106,17.7034,11/1/2008 0:00,10/1/2016 10:00,251
147570,Gunnarn,2,65.0074,17.7085,8/1/2003 0:00,4/13/2013 5:59,280
148040,Fredrika A,2,64.0753,18.3656,1/1/1996 0:00,10/1/2016 10:00,327
148050,Fredrika,2,64.0763,18.419,7/1/1980 0:00,12/31/1995 23:59,300
148300,Kroksjö,2,64.503,17.9972,9/1/1969 0:00,1/31/1989 23:59,520
148330,Lycksele A,2,64.5492,18.7169,12/15/1995 0:00,10/1/2016 10:00,210
148350,Lycksele,2,64.5871,18.6587,2/1/1962 0:00,10/31/1995 23:59,234
149120,Vindeln-Sunnansjönäs,2,64.1973,19.7243,3/1/1989 0:00,5/9/2000 23:59,177
149160,Hällnäs-Lund,2,64.2684,19.6314,3/1/1951 0:00,2/28/1989 23:59,181
149340,Petisträsk A,2,64.5669,19.6983,12/15/1995 0:00,10/1/2016 10:00,258
149540,Norsjö,2,64.9093,19.4746,3/1/1996 0:00,8/31/2016 23:59,296
149560,Norsjö A,2,64.9263,19.3782,11/1/1995 0:00,10/1/2016 10:00,309
149570,Storliden,2,64.95,19.4833,1/1/1965 0:00,7/31/1973 23:59,390
149610,Kulbäcksliden,2,64.2,19.5666,1/1/1961 0:00,12/31/1967 23:59,200
150270,Västanträsk,2,64.4502,20.4055,7/1/1970 0:00,8/31/2008 23:59,140
150450,Skellefteå,2,64.7584,20.9478,10/4/1971 0:00,10/31/1979 23:59,40
150640,Klutmark,2,64.75,20.6333,9/1/1950 0:00,6/30/1966 23:59,80
151220,Lövånger,2,64.3636,21.3152,1/1/1962 0:00,12/31/2004 23:59,21
151240,Hökmarksberget V,2,64.43583,21.27997,3/1/1996 0:00,10/1/2016 10:00,92
151280,Bjuröklubb A,2,64.4812,21.5791,12/15/1995 0:00,10/1/2016 10:00,40
151290,Bjuröklubb,2,64.4806,21.5787,1/1/1949 0:00,12/31/1997 23:59,36
151380,Skellefteå Flygplats,2,64.6244,21.0717,1/1/1962 0:00,3/31/1992 23:59,46
151550,Furuögrund,2,64.9112,21.2263,11/1/1969 0:00,8/31/1983 23:59,10
151640,Ursviken,2,64.7166,21.15,1/1/1961 0:00,6/30/1967 23:59,5
154720,Klimpfjäll,2,65.062,14.7908,5/1/1981 0:00,11/30/1984 23:59,588
154730,Stekenjokk A,2,65.0942,14.5085,10/26/1995 0:00,10/1/2016 10:00,1036
154860,Abelvattnet Aut,2,65.53,14.97,5/1/1985 0:00,8/31/1996 23:59,665
155680,Kittelfjäll,2,65.25,15.5,6/1/1965 0:00,4/30/1966 23:59,560
155710,Blaikliden,2,65.0464,15.7486,9/1/1980 0:00,6/30/2000 23:59,520
155720,Marsliden,2,65.0251,15.3668,11/1/2000 0:00,11/30/2013 23:59,550
155790,Gielas A,2,65.328,15.0686,10/1/1996 0:00,10/1/2016 11:00,577
155900,Boksjö,2,65.6772,15.8245,8/1/1969 0:00,2/28/2015 23:59,475
155910,Tärnaby,2,65.7166,15.25,1/1/1949 0:00,12/31/1972 23:59,450
155940,Hemavan,2,65.7968,15.1045,10/1/1991 0:00,7/8/2008 23:59,475
155960,Hemavan-Giertevarto A,2,65.7832,15.0645,11/20/1995 13:00,10/1/2016 11:00,793
155970,Hemavan Flygplats,2,65.8077,15.0854,1/1/2008 0:00,10/1/2016 11:00,458
156730,Långvattnet,2,65.1049,16.6919,1/1/1961 0:00,1/31/1999 23:59,420
156770,Dikanäs,2,65.2365,15.9883,9/1/1966 0:00,12/31/1980 23:59,485
156790,Dikanäs Skansnäs,2,65.3235,16.0353,8/1/1983 0:00,3/13/2000 23:59,525
156850,Danasjö,2,65.5374,16.5393,7/1/1978 0:00,7/31/2002 23:59,652
156940,Vindel-Björkheden,2,65.8211,16.7114,10/1/1977 0:00,1/31/1996 23:59,350
156990,Ammarnäs,2,65.9744,16.2283,11/1/1991 0:00,8/31/2000 23:59,440
157720,Stensele,2,65.0706,17.1536,9/20/1983 0:00,12/31/2004 23:59,325
157860,Sorsele,2,65.5354,17.5225,10/14/1997 0:00,9/30/2016 23:59,360
157870,Buresjön A,2,65.5592,17.86,10/26/1995 0:00,10/1/2016 11:00,393
157930,Vindel-Storsjö,2,65.7666,17.05,1/1/1965 0:00,8/31/1977 23:59,345
158740,Malå-Brännan A,2,65.1522,18.5974,12/15/1995 0:00,10/1/2016 11:00,363
158750,Malå,2,65.1808,18.7431,11/1/1991 0:00,9/30/2016 23:59,320
158850,Storberg,2,65.5085,18.9505,1/1/1951 0:00,8/31/1995 23:59,453
158990,Abraur,2,65.9867,18.9236,2/1/1996 0:00,8/31/2016 23:59,370
159680,Saltmyran,2,65.4166,19.5,4/1/1963 0:00,8/31/1964 23:59,350
159770,Glommersträsk,2,65.278,19.6673,10/1/1993 0:00,9/30/2016 23:59,395
159880,Arvidsjaur A,2,65.5953,19.2682,2/1/1996 0:00,10/1/2016 11:00,382
159970,Suddesjaur,2,65.8952,19.0929,1/1/1951 0:00,6/30/1991 23:59,342
160740,Fällfors,2,65.1317,20.7891,11/1/1959 0:00,12/31/1995 23:59,195
160750,Fällfors Mo,2,65.1089,20.7652,5/1/1996 0:00,6/30/2005 23:59,195
160790,Myrheden,2,65.2984,20.2124,1/1/1955 0:00,6/30/1984 23:59,250
160800,Fagerheden,2,65.3373,20.9026,12/1/1950 0:00,12/31/1950 23:59,220
160890,Älvsbyn M,2,65.6935,20.9858,3/1/1972 0:00,4/30/1995 23:59,47
160960,Vidsel,2,65.8801,20.1315,3/1/1965 0:00,8/31/2016 23:59,180
160970,Vidsel Mo,2,65.8769,20.1543,5/1/1996 0:00,10/1/2016 11:00,182
161650,Hednoret,2,65.8333,21.55,1/1/1961 0:00,6/30/1963 23:59,27
161660,Brännbergs försöksgård,2,65.8,21.2666,1/1/1962 0:00,9/30/1962 23:59,88
161670,Rönnskär,2,65.0333,21.5666,1/1/1951 0:00,8/31/1969 23:59,5
161680,Sunderbyn,2,65.7,21.85,1/1/1961 0:00,12/31/1968 23:59,20
161710,Pite-Rönnskär A,2,65.035,21.5655,12/15/1995 0:00,10/1/2016 11:00,4
161770,Pitsund,2,65.23,21.52,9/1/1964 0:00,6/30/1972 23:59,8
161780,Haraholmen,2,65.2391,21.6317,9/1/1973 0:00,7/31/1988 23:59,4
161790,Piteå,2,65.3156,21.4907,1/1/1961 0:00,6/30/1998 23:59,6
161890,Älvsbyn M,2,65.68,20.97,5/1/1966 0:00,12/31/1968 23:59,50
161910,Älvsbyn A,2,65.6702,21.0662,10/18/1995 0:00,10/1/2016 11:00,40
161920,Sävast V,2,65.75272,21.76498,12/1/2010 0:00,10/1/2016 11:00,9
161940,Boden Mo,2,65.8151,21.6396,3/1/2010 0:00,10/1/2016 11:00,25
162790,Rödkallen A,2,65.3131,22.3753,4/1/1996 0:00,10/1/2016 11:00,1
162800,Farstugrunden Aut,2,65.33,22.75,2/1/1981 0:00,12/21/1995 23:59,1
162860,Luleå Flygplats,2,65.5434,22.1193,1/1/1951 0:00,10/1/2016 11:00,17
162870,Luleå-Bergnäset,2,65.5762,22.109,9/16/2002 0:00,9/30/2016 23:59,12
162880,Luleå,2,65.62,22.1307,1/1/1961 0:00,6/30/1988 23:59,5
162970,Högsön,2,65.8849,22.3961,1/1/1961 0:00,8/31/1981 23:59,8
162980,Orrbyn,2,65.9446,22.116,10/1/1997 0:00,7/1/2011 23:59,15
163680,Björkfors,2,65.9166,23.4666,12/1/1945 0:00,6/30/1963 23:59,10
163690,Kalix,2,65.85,23.2,1/1/1951 0:00,10/31/1969 23:59,6
163900,Storön A,2,65.6982,23.1005,1/1/1996 0:00,10/1/2016 11:00,4
163920,Storöhamn,2,65.7306,23.0924,12/1/1969 0:00,12/31/1995 23:59,7
163950,Haparanda,2,65.8367,24.113,7/1/2009 0:00,1/1/2013 23:59,5
163960,Haparanda A,2,65.8249,24.1162,11/1/2008 0:00,10/1/2016 11:00,16
166810,Jäckvik,2,66.3824,16.9959,1/1/1961 0:00,9/30/1986 23:59,430
166870,Vuoggatjålme,2,66.5759,16.3511,1/1/1965 0:00,12/31/1995 23:59,500
166900,Mierkenies,2,66.6798,16.1137,1/1/1990 0:00,10/31/1996 23:59,600
166910,Mierkenis A,2,66.6815,16.1088,11/1/1996 0:00,10/1/2016 11:00,614
166940,Lillviken-Roparudden V,2,66.48603,16.41734,4/1/1996 0:00,10/1/2016 11:00,483
167710,Arjeplog A,2,66.0456,17.8671,1/1/1961 0:00,10/31/1989 23:59,430
167730,Laisvallsby,2,66.1347,17.1748,10/1/1973 0:00,6/30/1982 23:59,460
167800,Jäkkvik V,2,66.32417,17.09442,12/1/2010 0:00,10/1/2016 11:00,552
167860,Stenudden,2,66.5343,17.6677,10/1/1965 0:00,1/31/1990 23:59,453
167980,Kvikkjokk-Årrenjarka,2,66.8876,18.0179,6/1/1997 0:00,3/31/2013 23:59,314
167990,Kvikkjokk-Årrenjarka A,2,66.8888,18.0234,11/1/2008 0:00,10/1/2016 11:00,320
168910,Karats,2,66.6932,18.8146,2/1/1974 0:00,7/31/1974 23:59,414
169790,Tjåkaape Mo,2,66.3002,19.2,5/1/2006 0:00,10/1/2016 11:00,581
169860,Vajmat V,2,66.50502,19.67495,3/1/1996 0:00,10/1/2016 11:00,325
169880,Jokkmokk,2,66.6135,19.8316,1/1/2010 0:00,9/30/2016 23:59,240
169930,Randijaur,2,66.761,19.3168,1/1/1967 0:00,2/28/1973 23:59,290
170670,Harads,2,66.0833,20.9666,1/1/1965 0:00,4/30/1970 23:59,35
170680,Sarkavara,2,66.7374,20.3605,1/1/1962 0:00,8/31/1963 23:59,385
170690,Nattavara,2,66.7666,20.9666,1/1/1962 0:00,8/31/1963 23:59,330
170790,Sudok,2,66.3006,20.424,9/1/1975 0:00,4/30/1995 23:59,170
170850,Murjek,2,66.48,20.9,6/1/1961 0:00,2/29/1968 23:59,245
170860,Jokkmokk Flygplats Mo,2,66.499,20.131,3/1/2000 0:00,10/1/2016 11:00,275
170930,Nattavaara A,2,66.7529,20.9281,4/1/1996 0:00,10/1/2016 11:00,327
171790,Lakaträsk A,2,66.2801,21.133,11/21/1995 0:00,10/1/2016 11:00,185
171810,Pålkem,2,66.3888,21.6098,2/1/1962 0:00,12/31/1985 23:59,265
171820,Pålkem M,2,66.3855,21.6167,5/1/1970 0:00,10/31/2000 23:59,261
171920,Nattavaara by,2,66.7586,21.0537,2/1/1990 0:00,9/30/1991 23:59,350
172680,Naisheden,2,66.5333,22.3666,1/1/1951 0:00,6/30/1962 23:59,95
172770,Överkalix-Svartbyn A,2,66.263,22.8472,12/1/1995 0:00,10/1/2016 11:00,61
172790,Överkalix-Svartbyn,2,66.2833,22.85,7/9/1962 0:00,2/28/1975 23:59,50
172920,Markusvinsa,2,66.7265,22.9001,5/1/2002 0:00,9/30/2016 23:59,164
172940,Paharova A,2,66.8107,22.336,12/1/1995 0:00,10/1/2016 11:00,228
173810,Övertorneå,2,66.3862,23.622,6/1/2001 0:00,9/30/2016 23:59,75
173900,Ylinenjärvi A,2,66.6235,23.468,12/15/1995 0:00,10/1/2016 11:00,132
173960,Korpilombolo M,2,66.8542,23.0571,3/1/1966 0:00,8/31/1995 23:59,178
176800,Staloluokta,2,67.4083,16.4199,9/1/1989 0:00,10/31/1994 23:59,600
177920,Ritsem,2,67.7261,17.4718,3/1/1981 0:00,1/31/1998 23:59,521
177930,Ritsem A,2,67.7262,17.4711,9/1/1997 0:00,10/1/2016 11:00,532
178680,Saltoluokta,2,67.3833,18.55,2/1/1962 0:00,4/30/1962 23:59,393
178740,Aktse,2,67.1498,18.3061,1/1/1961 0:00,9/30/1981 23:59,530
178790,Aluokta,2,67.3094,18.9011,2/1/1993 0:00,9/30/2003 23:59,385
178820,Björkudden,2,67.3956,18.7156,4/1/2004 0:00,9/30/2016 23:59,376
178850,Satis,2,67.5009,18.3911,9/1/1980 0:00,6/30/1995 23:59,425
178860,Stora Sjöfallet A,2,67.4964,18.2943,3/1/1996 0:00,10/1/2016 11:00,425
178970,Tarfala A,2,67.9113,18.6068,11/1/1995 0:00,10/1/2016 11:00,1150
179740,Ålloluokta,2,67.1261,19.4976,7/1/1978 0:00,12/31/2004 23:59,370
179950,Nikkaluokta,2,67.8488,19.0233,1/1/1965 0:00,12/31/1988 23:59,470
179960,Nikkaluokta A,2,67.8488,19.0233,12/1/1988 0:00,10/31/1995 23:59,470
180690,Kiruna,2,67.85,20.2333,1/1/1963 0:00,12/31/1964 23:59,505
180730,Gällivare,2,67.1429,20.6586,7/1/1971 0:00,1/31/1978 23:59,365
180740,Gällivare Flygplats,2,67.1358,20.8144,4/18/1971 0:00,2/29/1992 23:59,312
180750,Malmberget,2,67.1705,20.6686,1/1/1949 0:00,1/12/1964 23:59,393
180760,Gällivare A,2,67.1421,20.6455,12/15/1995 0:00,10/1/2016 11:00,359
180770,Latnivaara A,2,67.2564,20.2747,11/21/1995 0:00,10/1/2016 11:00,453
180940,Kiruna Flygplats,2,67.827,20.3387,1/1/1996 0:00,10/1/2016 11:00,459
181890,Svappavaara,2,67.6501,21.0558,7/1/1974 0:00,6/30/1986 23:59,327
181900,Vittangi,2,67.6943,21.6335,8/1/2009 0:00,9/30/2016 23:59,250
181970,Esrange,2,67.8911,21.0846,10/1/2004 0:00,9/30/2016 23:59,328
182720,Kompelusvaara,2,67.0919,22.2178,1/1/1965 0:00,2/28/1985 23:59,263
182810,Saittarova A,2,67.3376,22.2334,12/15/1995 0:00,10/1/2016 11:00,240
182910,Parkalompolo A,2,67.7315,22.8266,12/15/1995 0:00,10/1/2016 11:00,312
182930,Lainio,2,67.7615,22.3518,10/1/1980 0:00,8/31/2016 23:59,315
183750,Pajala A,2,67.2049,23.3952,1/1/2008 0:00,10/1/2016 11:00,171
183760,Pajala,2,67.2101,23.3928,12/21/1962 0:00,7/3/2008 23:59,168
183980,Muodoslompolo,2,67.9443,23.4441,1/1/1965 0:00,1/31/1996 23:59,240
188790,Abisko Aut,2,68.3555,18.8211,4/1/1985 0:00,2/28/1997 23:59,388
188800,Abisko,2,68.3557,18.8206,1/1/1966 0:00,8/31/2016 23:59,388
188810,Vassijaure,2,68.4316,18.2839,9/1/1986 0:00,4/30/1993 23:59,537
188820,Katterjåkk,2,68.4218,18.1698,3/1/1972 0:00,9/30/2016 23:59,515
188830,Riksgränsen,2,68.4284,18.1302,1/1/1949 0:00,8/31/1972 23:59,508
188840,Tornehamn Aut,2,68.4324,18.6281,9/1/1986 0:00,4/1/1993 6:00,512
188850,Katterjåkk A,2,68.4217,18.1719,11/1/2008 0:00,10/1/2016 11:00,516
189720,Rensjön A,2,68.0745,19.8392,12/15/1995 0:00,10/1/2016 11:00,493
189760,Torneträsk,2,68.2201,19.7123,9/1/1971 0:00,4/30/1995 23:59,393
189780,Kattuvuoma,2,68.2833,19.9,1/1/1965 0:00,9/30/1971 23:59,355
191720,Nedre Soppero V,2,68.04398,21.75496,3/1/1996 0:00,10/1/2016 11:00,355
191900,Naimakka,2,68.6779,21.5277,1/1/1965 0:00,1/31/1996 23:59,403
191910,Naimakka A,2,68.6777,21.5274,10/26/1995 0:00,10/1/2016 11:00,402
192710,Lannavaara,2,68.0502,21.9814,1/1/1965 0:00,6/30/1983 23:59,630
192830,Karesuando,2,68.4421,22.4502,12/8/1998 0:00,8/31/2012 23:59,330
192840,Karesuando A,2,68.4432,22.4488,11/1/2008 0:00,10/1/2016 11:00,330
52230,Falsterbo,2,55.3836,12.8203,1/1/1949 0:00,10/1/2016 6:00,5
52240,Falsterbo A,2,55.3838,12.819,7/1/2009 0:00,10/1/2016 6:00,5
52350,Malmö A,2,55.6049,12.9843,1/1/1990 0:00,10/31/1995 23:59,3
52360,Oskarsgrundet No,2,55.597,12.8575,5/1/1985 0:00,6/17/1999 23:59,1
52510,Örja Aut,2,55.8798,12.8705,7/1/1986 0:00,12/31/1992 23:59,11
52550,Ven,2,55.9,12.7166,9/1/1968 0:00,1/31/1972 23:59,40
53180,Rynge V,2,55.47411,13.66833,3/1/1996 0:00,10/1/2016 6:00,48
53200,Smygehuk,2,55.3376,13.3563,1/1/1951 0:00,6/30/1988 23:59,5
53220,Maglarp Aut,2,55.384,13.0595,5/1/1984 0:00,10/17/1995 18:00,17
53250,Jordberga,2,55.4114,13.4001,1/1/1961 0:00,12/31/1974 23:59,40
53260,Ystad,2,55.441,13.8278,9/17/1963 0:00,8/31/1983 23:59,32
53300,Sturup,2,55.5231,13.3787,1/1/2008 0:00,10/1/2016 6:00,72
53360,Malmö,2,55.6093,13.0817,11/1/1972 0:00,6/30/1980 23:59,5
53370,Malmö 2,2,55.6048,12.9841,1/1/1951 0:00,4/30/1964 23:59,3
53430,Lund,2,55.693,13.229,12/7/1992 0:00,9/30/2016 23:59,25
53440,Lund Lth,2,55.7142,13.2152,7/1/1990 0:00,3/8/1999 23:59,73
53470,Örtofta,2,55.7833,13.25,1/1/1961 0:00,12/31/1974 23:59,20
53510,Trollenäs,2,55.8666,13.25,8/1/1971 0:00,1/31/1973 23:59,55
53530,Hörby A,2,55.8633,13.6689,8/1/1995 0:00,10/1/2016 6:00,114
53540,Stehag,2,55.9033,13.3995,1/1/1961 0:00,7/31/1989 23:59,60
53560,Svalöv,2,55.9081,13.1174,1/1/1961 0:00,12/31/1989 23:59,72
53630,Hököpinge,2,55.5,13.0166,2/1/1962 0:00,8/31/1968 23:59,17
53640,Alnarp,2,55.65,13.0833,1/1/1961 0:00,2/28/1969 23:59,10
53650,Björka,2,55.7,13.6333,1/1/1951 0:00,5/31/1970 23:59,32
53770,Arlöv sockerbruk,2,55.6333,13.0667,1/1/1945 0:00,12/31/1948 23:59,3
54230,Sandhammaren,2,55.3872,14.1947,8/1/1966 0:00,9/30/1995 23:59,4
54290,Skillinge A,2,55.4889,14.3172,10/1/1995 0:00,10/1/2016 6:00,4
54300,Bollerup,2,55.4907,14.0476,1/1/1961 0:00,8/31/2016 23:59,55
54330,Simrishamn,2,55.5449,14.3578,8/1/1971 0:00,10/31/1996 23:59,8
54390,Sankt Olof,2,55.6402,14.1273,9/1/1979 0:00,12/31/1985 23:59,130
54400,Stenshuvud,2,55.6646,14.2595,9/1/1972 0:00,5/31/1981 23:59,112
54550,Kristianstad everöd,2,55.9245,14.0842,1/1/1962 0:00,12/31/1995 23:59,17
54990,Kristianstad V,2,56.02391,14.10272,12/1/2010 0:00,10/1/2016 6:00,7
55570,Utklippan A,2,55.9557,15.7077,5/1/1996 0:00,10/1/2016 6:00,3
62030,Helsingborg,2,56.0431,12.6906,8/1/1972 0:00,7/31/1995 23:59,5
62040,Helsingborg A,2,56.0304,12.7653,8/1/1995 0:00,10/1/2016 6:00,43
62080,Hasslarp,2,56.1333,12.8166,1/1/1961 0:00,12/31/1974 23:59,10
62130,Munka-Ljungby,2,56.2287,12.9834,5/1/2002 0:00,9/30/2014 23:59,20
62140,Nyhamnsläge,2,56.2451,12.5438,3/1/1998 0:00,8/31/2016 23:59,13
62180,Barkåkra,2,56.2979,12.8441,1/1/2008 0:00,10/1/2016 6:00,18
62190,Kullen,2,56.3012,12.454,1/1/1951 0:00,2/28/1998 23:59,72
62250,Hunnestorp V,2,56.40404,12.94361,3/1/1996 0:00,10/1/2016 6:00,159
62260,Hallands Väderö A,2,56.4495,12.547,8/1/1995 0:00,10/1/2016 6:00,10
62390,Halmstad,2,56.675,12.9247,5/1/2002 0:00,12/31/2004 23:59,25
62400,Halmstad,2,56.6737,12.9242,1/1/2006 0:00,9/30/2016 23:59,24
62410,Halmstad Flygflottilj,2,56.6833,12.8332,1/1/1951 0:00,6/30/1955 23:59,25
62520,Falkenberg,2,56.8994,12.4798,12/1/1998 0:00,6/30/2003 23:59,5
62530,Eftra-Broen V,2,56.8865,12.6739,3/1/1996 0:00,12/31/1996 23:59,50
62550,Glommen,2,56.9303,12.3579,7/1/1970 0:00,11/30/1977 23:59,2
62560,Jonstorp,2,56.931,12.5514,2/1/1964 0:00,12/31/1997 23:59,25
62630,Hallands väderö,2,56.45,12.55,1/1/1961 0:00,6/30/1965 23:59,12
63050,Ljungbyhed,2,56.0752,13.2318,1/1/1951 0:00,7/16/2001 23:59,43
63160,Hästveda Mo,2,56.2799,13.9432,3/1/2010 0:00,10/1/2016 7:00,103
63220,Osby,2,56.38,13.98,5/1/1953 0:00,10/31/1961 23:59,86
63230,Skånes fagerhult,2,56.3666,13.4666,1/1/1965 0:00,5/31/1972 23:59,118
63280,Markaryd,2,56.4595,13.6191,2/1/1997 0:00,9/30/2016 23:59,110
63340,Genevad,2,56.5684,13.0338,1/1/1961 0:00,6/30/2002 23:59,20
63440,Simlångsdalen,2,56.7154,13.1247,1/1/1961 0:00,3/31/1986 23:59,75
63450,Singeshult,2,56.7429,13.3608,1/1/1961 0:00,10/31/1996 23:59,165
63500,Ljungby,2,56.8311,13.948,2/1/1962 0:00,10/31/1971 23:59,140
63510,Ljungby A,2,56.8526,13.8822,8/1/1995 0:00,10/1/2016 7:00,148
63530,Fröslida,2,56.8666,13.0666,1/1/1965 0:00,5/31/1972 23:59,70
63590,Torup A,2,56.9496,13.0625,1/1/2008 0:00,10/1/2016 7:00,130
63600,Torup,2,56.9628,13.0746,7/1/1991 0:00,9/30/2004 23:59,85
63610,Kolleberga,2,56.0666,13.2666,1/1/1961 0:00,9/30/1964 23:59,50
63630,Knäred,2,56.5177,13.3157,7/1/1967 0:00,1/31/1969 23:59,70
64020,Hanö A,2,56.0131,14.8488,12/1/1995 0:00,10/1/2016 7:00,55
64030,Kristianstad,2,56.0133,14.2896,4/1/2004 0:00,9/30/2016 23:59,10
64040,Karpalund,2,56.05,14.1,1/1/1971 0:00,12/31/1974 23:59,4
64130,Karlshamn,2,56.1813,14.8517,1/1/1961 0:00,9/30/2016 23:59,50
64290,Urshult-Kunninge,2,56.4782,14.8024,4/1/1990 0:00,10/31/2005 23:59,145
64320,Tingsryd-Degerhaga,2,56.5376,14.9019,11/1/2007 0:00,9/30/2016 23:59,176
64330,Ekefors,2,56.5546,14.7571,6/1/1970 0:00,12/31/1989 23:59,145
64400,Uråsa,2,56.6833,14.95,4/1/1962 0:00,1/31/1975 23:59,167
64510,Växjö A,2,56.8464,14.8324,8/1/1995 0:00,10/1/2016 7:00,199
64520,Växjö,2,56.8427,14.8176,9/16/2002 0:00,11/30/2006 23:59,170
64560,Växjö-Kronoberg,2,56.9252,14.7333,5/1/1985 0:00,8/31/1995 23:59,182
64600,Rinkaby,2,55.9833,14.2666,11/1/1952 0:00,6/30/1962 23:59,7
64620,Ryd,2,56.45,14.7166,1/1/1965 0:00,8/31/1967 23:59,140
65020,Ungskär,2,56.0419,15.8081,10/1/1972 0:00,1/31/1996 23:59,2
65090,Karlskrona-Söderstj. Mo,2,56.1498,15.5921,3/1/2010 0:00,10/1/2016 7:00,2
65130,Marielund,2,56.2182,15.5331,1/1/1961 0:00,2/28/1978 23:59,25
65160,Ronneby-Bredåkra,2,56.2619,15.2742,1/1/1949 0:00,10/1/2016 7:00,58
65310,Vissefjärda,2,56.5124,15.6235,11/1/1986 0:00,8/31/1992 23:59,114
65360,Rörsbo,2,56.601,15.5192,9/1/1969 0:00,12/31/1976 23:59,140
65450,Lessebo,2,56.7486,15.2747,1/1/1967 0:00,7/31/2006 23:59,170
65510,Kosta Mo,2,56.8403,15.47,3/1/2005 0:00,10/1/2016 7:00,230
65640,Emmaboda,2,56.6333,15.55,1/1/1951 0:00,8/31/1967 23:59,150
65730,Ronneby,2,56.2,15.2833,1/1/1951 0:00,12/31/1960 23:59,10
66040,Ölands Södra Grund,2,56.07,16.68,2/1/1981 0:00,9/30/1993 23:59,1
66110,Ölands Södra Udde A,2,56.1977,16.4036,11/1/1995 0:00,10/1/2016 7:00,2
66120,Ölands Södra Udde,2,56.1957,16.401,1/1/1941 0:00,10/31/1995 23:59,3
66320,Mörbylånga,2,56.5256,16.39,1/1/1962 0:00,1/31/1991 23:59,5
66400,Ölandsbron V,2,56.66694,16.4609,3/1/1996 0:00,10/1/2016 7:00,0
66410,Kalmar,2,56.727,16.2944,10/1/1979 0:00,1/31/1996 23:59,15
66420,Kalmar Flygplats,2,56.6784,16.2922,1/9/1996 12:00,10/1/2016 7:00,6
66470,Ekerum,2,56.7849,16.5812,1/1/1973 0:00,10/31/1973 23:59,40
66500,Skedemosse,2,56.823,16.7337,6/1/1998 0:00,12/31/2011 23:59,25
66600,Ölands södra grund,2,56.0699,16.6799,1/1/1961 0:00,6/30/1970 23:59,23
66630,Ölvingstorp,2,56.6166,16.1166,1/1/1961 0:00,6/30/1967 23:59,15
66640,Kalmar,2,56.67,16.35,1/1/1961 0:00,5/31/1963 23:59,7
68550,Hoburg,2,56.9222,18.1471,1/1/1949 0:00,8/31/2012 23:59,38
68560,Hoburg A,2,56.9213,18.1541,6/1/2009 0:00,10/1/2016 7:00,39
71140,Laesö Ost A,2,57.1834,11.5332,9/1/2004 0:00,3/31/2010 23:59,4
71180,Nidingen,2,57.3025,11.9038,1/1/1982 0:00,6/30/1995 23:59,4
71190,Nidingen A,2,57.304,11.9064,12/15/1995 0:00,10/1/2016 7:00,2
71360,Trubaduren Aut,2,57.596,11.6352,12/1/1978 0:00,6/11/2007 23:59,1
71380,Vinga A,2,57.6324,11.6077,6/1/2007 0:00,10/1/2016 7:00,12
71420,Göteborg A,2,57.7084,11.9939,4/1/1983 0:00,9/30/1995 23:59,23
71430,Torslanda,2,57.7166,11.7833,1/1/1951 0:00,9/30/1977 23:59,3
71470,Säve,2,57.7786,11.8824,1/1/1951 0:00,12/5/2006 23:59,20
71500,Säve-Skålvisered,2,57.8305,11.92,10/1/2002 0:00,1/1/2008 23:59,20
71510,Kärna,2,57.8425,11.8075,1/1/2012 0:00,12/31/2012 23:59,21
72070,Grimeton,2,57.1088,12.394,1/1/1963 0:00,4/30/1976 23:59,35
72080,Varberg,2,57.1084,12.2741,1/1/1951 0:00,8/31/2016 23:59,20
72090,Ullared A,2,57.1136,12.7758,8/1/1995 0:00,10/1/2016 7:00,122
72120,Fagered,2,57.1978,12.8129,1/1/1961 0:00,12/31/2006 23:59,100
72140,Källsjö,2,57.2323,12.7042,10/1/2008 0:00,9/30/2016 23:59,154
72150,Ringhals,2,57.253,12.1032,11/1/1968 0:00,12/31/1981 23:59,10
72160,Ringhals Aut,2,57.2577,12.107,10/1/1980 0:00,9/30/1997 23:59,10
72290,Örby,2,57.4833,12.7,12/1/1974 0:00,9/30/1977 23:59,90
72300,Rossared D,2,57.485,12.1997,1/1/1961 0:00,6/30/1977 23:59,15
72340,Sandsjöbacka,2,57.5571,12.0387,1/1/1979 0:00,6/30/1983 23:59,50
72400,Bollebygd,2,57.661,12.5521,1/1/1961 0:00,12/31/1986 23:59,65
72420,Landvetter Flygplats,2,57.6678,12.2963,10/3/1977 0:00,1/9/1996 23:59,154
72450,Borås,2,57.7611,12.9493,1/1/1961 0:00,9/30/2016 23:59,135
72520,Uddabo,2,57.8701,12.7074,9/1/2003 0:00,3/31/2005 23:59,245
73090,Stora Segerstad,2,57.1461,13.5609,1/1/1961 0:00,7/31/1999 23:59,180
73170,Gislaved,2,57.2847,13.5324,7/1/1972 0:00,11/30/1979 23:59,165
73230,Hestra D,2,57.3915,13.5254,11/1/1973 0:00,1/24/1996 23:59,285
73250,Ambjörnarp,2,57.4166,13.2833,1/1/1949 0:00,11/30/1972 23:59,220
73390,Fägerhult,2,57.6468,13.2369,7/1/2001 0:00,6/30/2010 23:59,170
73430,Dalsjöfors,2,57.722,13.1238,5/1/1959 0:00,10/31/1978 23:59,257
73470,Ulricehamn,2,57.8052,13.4083,5/1/1995 0:00,12/31/2012 23:59,175
73480,Rångedala A,2,57.7848,13.1668,8/1/1995 0:00,9/30/2016 23:59,297
73560,Mullsjö,2,57.9166,13.8833,2/1/1971 0:00,7/31/1971 23:59,240
73570,Molla,2,57.936,13.0668,7/1/1979 0:00,12/31/2001 23:59,190
73610,Kinnared,2,57.0333,13.1166,10/1/1962 0:00,12/31/1962 23:59,100
73660,Tinghalla,2,57.9666,13.85,1/1/1965 0:00,8/31/1970 23:59,278
73690,Äspered,2,57.93309233,13.18054263,11/1/1952 0:00,4/30/1959 23:59,294
74080,Berg,2,57.121,14.6931,7/1/1969 0:00,8/31/2016 23:59,250
74180,Hagshult Mo,2,57.288,14.1297,1/1/1951 0:00,12/31/1995 23:59,169
74240,Nävelsjö,2,57.4042,14.891,1/1/1961 0:00,8/31/1988 23:59,215
74300,Tomtabacken A,2,57.4983,14.4672,10/26/1995 0:00,10/1/2016 7:00,356
74340,Spinkabo,2,57.5653,14.4693,1/1/1972 0:00,12/31/1992 23:59,285
74350,Gödeberg,2,57.5666,14.6333,1/1/1961 0:00,10/31/1977 23:59,350
74390,Nässjö,2,57.6431,14.6895,4/1/1967 0:00,1/31/1996 23:59,305
74420,Flahult,2,57.6898,14.1455,10/31/1993 0:00,6/30/1996 23:59,225
74440,Prästkulla,2,57.7242,14.986,1/1/1961 0:00,8/31/2016 23:59,290
74450,Jönköpings Gamla Flygplats,2,57.75,14.17,1/1/1951 0:00,1/31/1959 23:59,98
74460,Jönköpings Flygplats,2,57.7514,14.0733,1/1/1962 0:00,10/1/2016 7:00,226
74470,Jönköping,2,57.7666,14.1833,1/1/1961 0:00,9/30/1978 23:59,98
74480,Huskvarna,2,57.7865,14.2874,1/1/1961 0:00,8/31/1977 23:59,99
74490,Ramsjöholm,2,57.8429,14.4317,1/1/1961 0:00,8/31/2016 23:59,225
74510,Aneby,2,57.8232,14.8913,4/1/2001 0:00,6/30/2005 23:59,240
74530,Lommaryd,2,57.8887,14.7342,1/1/1961 0:00,6/30/2000 23:59,240
74600,Aneboda II,2,57.11667458,14.56389527,6/1/1949 0:00,12/31/1960 23:59,195
74630,Naglarp,2,57.4666,14.8833,1/1/1966 0:00,12/31/1970 23:59,250
74650,Strandvallen,2,57.85,14.2833,1/1/1961 0:00,2/28/1967 23:59,110
75040,Allgunnen,2,57.0666,15.9681,1/1/1950 0:00,12/31/1979 23:59,115
75090,Fagerhult,2,57.1484,15.6762,1/1/1945 0:00,1/31/1945 23:59,195
75100,Åseda,2,57.1462,15.3987,8/1/1969 0:00,12/31/1999 23:59,230
75120,Drageryd,2,57.2001,15.9666,12/1/1977 0:00,1/31/2012 23:59,77
75140,Blankaström,2,57.2166,15.9166,1/1/1961 0:00,4/30/1977 23:59,80
75240,Målilla,2,57.3908,15.8232,5/30/1988 0:00,5/31/1990 23:59,100
75250,Målilla A,2,57.3848,15.8037,1/1/2008 0:00,10/1/2016 7:00,95
75380,Hässleby,2,57.6295,15.5725,1/1/1961 0:00,6/30/1987 23:59,190
75400,Vimmerby,2,57.6687,15.8518,1/1/1961 0:00,8/31/1989 23:59,110
75520,Horn A,2,57.8863,15.8652,12/15/1995 0:00,9/30/2016 23:59,90
75630,Vetlanda,2,57.4166,15.0666,2/1/1963 0:00,12/31/1965 23:59,200
76000,Sandbäckshult,2,56.9835,16.283,8/1/1978 0:00,12/31/2004 23:59,37
76160,Oskarshamn,2,57.2674,16.4149,2/1/1995 0:00,9/30/2016 23:59,20
76380,Tovehult,2,57.642,16.5682,7/1/1968 0:00,12/31/1987 23:59,25
76420,Gladhammar A,2,57.7071,16.4585,8/1/1995 0:00,10/1/2016 7:00,35
76430,Gunnebo,2,57.7166,16.5333,1/1/1961 0:00,5/31/1973 23:59,18
76470,Västervik,2,57.7213,16.4683,1/14/1979 0:00,7/31/1995 23:59,33
76530,Ogestad,2,57.8748,16.1689,11/1/2000 0:00,7/31/2009 23:59,81
77170,Mossen,2,57.2833,17.0042,1/1/1965 0:00,5/31/1980 23:59,10
77180,Stora Karlsö,2,57.2893,17.9623,1/1/1961 0:00,9/30/1989 23:59,40
77210,Ölands Norra Udde A,2,57.3672,17.0986,8/1/1995 0:00,10/1/2016 7:00,2
77220,Ölands Norra Udde,2,57.3689,17.1008,7/1/1949 0:00,8/31/2016 23:59,4
78040,Näsudden Aut,2,57.0735,18.2222,2/1/1981 0:00,2/28/1999 23:59,5
78140,Hemse,2,57.2438,18.3835,1/1/1961 0:00,8/31/2016 23:59,25
78240,Buttle,2,57.4034,18.5297,1/1/1965 0:00,7/31/1983 23:59,45
78250,Herrvik,2,57.4208,18.9174,7/1/1968 0:00,12/31/1995 23:59,5
78280,Östergarnsholm A,2,57.4413,18.9871,1/1/1996 0:00,10/1/2016 7:00,5
78290,Roma V,2,57.54361,18.42533,3/1/1996 0:00,10/1/2016 7:00,32
78300,Roma Aut,2,57.4998,18.4639,11/1/1983 0:00,9/6/1999 23:59,32
78390,Visby,2,57.636,18.2891,1/1/1961 0:00,4/30/1986 23:59,28
78400,Visby Flygplats,2,57.6614,18.3428,1/1/1949 0:00,10/1/2016 7:00,42
78550,Fårösund Ar A,2,57.9167,18.9568,1/1/1996 0:00,10/1/2016 7:00,13
78630,Östergarn,2,57.45,18.9833,1/1/1955 0:00,6/30/1968 23:59,11
79580,Fårö,2,57.8987,19.1592,1/1/1951 0:00,12/31/1995 23:59,8
81010,Säby,2,58.0201,11.6015,1/1/1961 0:00,12/31/1997 23:59,10
81040,Rörastrand,2,58.0582,11.6528,1/1/1999 0:00,9/30/2016 23:59,5
81050,Måseskär A,2,58.094,11.3333,11/1/1995 0:00,10/1/2016 7:00,16
81060,Måseskär,2,58.0944,11.3348,1/1/1951 0:00,10/31/1995 23:59,14
81130,Ljungskile,2,58.2159,11.9321,6/1/1980 0:00,1/31/1996 23:59,70
81210,Uddevalla,2,58.355,11.9541,8/1/1961 0:00,6/30/1983 23:59,10
81220,Smögen,2,58.3571,11.2276,2/1/1970 0:00,6/30/1984 23:59,20
81320,Dingle,2,58.5289,11.5724,1/1/1994 0:00,10/31/2002 23:59,20
81340,Svarteborg,2,58.5707,11.5572,1/1/1965 0:00,3/31/1986 23:59,70
81350,Väderöarna A,2,58.5763,11.0685,5/12/2000 0:00,10/1/2016 7:00,22
81370,Hud V,2,58.66076,11.41775,3/1/1996 0:00,10/1/2016 7:00,95
81540,Nordkoster A,2,58.8925,11.0062,5/10/2000 0:00,10/1/2016 7:00,33
81560,Strömstad,2,58.9333,11.2,1/1/1951 0:00,9/30/1973 23:59,20
81620,Väderöbod,2,58.55,11.0333,1/1/1951 0:00,6/30/1965 23:59,7
81630,Hållö,2,58.3333,11.2166,1/1/1961 0:00,12/31/1969 23:59,16
81640,Ursholmen,2,58.8333,11,1/1/1963 0:00,12/31/1964 23:59,6
82000,Alvhem,2,58.0067,12.1454,1/1/1965 0:00,12/31/1991 23:59,5
82010,Vårgårda-Hägrunga,2,58.0166,12.8333,8/1/1962 0:00,6/30/1977 23:59,148
82030,Garn,2,58.0492,12.1563,3/2/1994 6:00,10/31/2008 23:59,15
82090,Åsbräcka-Torpabron V,2,58.19969,12.15406,3/1/1996 0:00,10/1/2016 7:00,17
82110,Gendalen,2,58.1589,12.647,10/1/1962 0:00,8/31/2016 23:59,90
82190,Trollhättans Flygplats,2,58.3141,12.3292,1/1/1961 0:00,7/31/1979 23:59,43
82230,Vänersborg,2,58.3552,12.3616,1/1/1949 0:00,8/31/2016 23:59,50
82250,Såtenäs D,2,58.4397,12.6928,6/1/2002 0:00,6/30/2010 23:59,55
82260,Såtenäs,2,58.4358,12.7075,5/29/1970 0:00,10/1/2016 8:00,54
82350,Erikstad-Bergarud V,2,58.60033,12.41302,3/1/1996 0:00,10/1/2016 8:00,59
82360,Kroppefjäll-Granan A,2,58.6068,12.1999,8/1/1995 0:00,10/1/2016 8:00,174
82380,Erikstad,2,58.6336,12.4129,10/1/1978 0:00,2/29/1988 23:59,65
82490,Bäckefors,2,58.8055,12.1581,1/1/1949 0:00,3/31/1964 23:59,150
82540,Bastorp,2,58.904,12.038,1/1/1965 6:00,1/31/1996 23:59,150
82620,Trollhättan,2,58.3,12.3166,1/1/1961 0:00,2/28/1967 23:59,42
82650,Ödebyn,2,58.7833,12.1833,5/1/1954 0:00,3/31/1964 23:59,150
83040,Kymbo V,2,58.0794,13.78495,3/1/1996 0:00,10/1/2016 8:00,222
83050,Simonstorp,2,58.0788,13.3957,1/1/1961 0:00,12/31/2004 23:59,190
83090,Falköping,2,58.1584,13.5397,1/1/1961 0:00,1/31/1972 23:59,205
83130,Längjum,2,58.2212,13.0607,1/1/1965 0:00,12/31/2004 23:59,95
83170,Borgunda,2,58.288,13.7995,2/1/1971 0:00,1/31/1996 23:59,181
83190,Hällum A,2,58.3221,13.0406,12/15/1995 0:00,10/1/2016 8:00,70
83200,Skara-Stenum,2,58.37,13.52,11/1/1971 0:00,4/30/1973 23:59,130
83210,Lanna,2,58.3476,13.1296,1/1/1961 0:00,11/30/1985 23:59,80
83230,Skövde,2,58.3949,13.8436,1/1/1961 0:00,9/30/2016 23:59,150
83240,Skara-Ekeberg,2,58.4,13.55,7/1/1969 0:00,10/31/1971 23:59,130
83260,Skara-Västerskog,2,58.38,13.33,5/1/1973 0:00,9/30/1973 23:59,105
83270,Skara,2,58.4072,13.4407,11/1/2001 0:00,9/30/2016 23:59,115
83280,Remningstorp,2,58.4529,13.6671,8/20/1996 0:00,8/31/2016 23:59,140
83320,Lidköping,2,58.4666,13.1166,1/1/1961 0:00,12/31/1980 23:59,50
83340,Västerplana,2,58.5586,13.3508,1/1/1965 6:00,6/30/1991 23:59,128
83420,Naven A,2,58.6998,13.1109,6/1/1996 0:00,10/1/2016 8:00,53
83440,Mariestad,2,58.7136,13.823,11/15/1982 0:00,8/31/2016 23:59,50
83450,Pålgrunden A,2,58.7588,13.1554,10/1/2015 0:00,10/31/2015 23:59,45
83460,Lurö,2,58.7904,13.2534,3/1/1982 0:00,8/4/1997 23:59,55
83540,Åkershus,2,58.898,13.2517,12/1/1965 0:00,1/31/1996 23:59,50
83610,Högstena,2,58.2333,13.7166,9/1/1962 0:00,12/31/1964 23:59,211
83620,Skara,2,58.4,13.45,2/1/1949 0:00,3/31/1969 23:59,116
83640,Björnegården,2,58.5166,13.0666,1/1/1949 0:00,3/31/1963 23:59,75
83650,Lurö,2,58.8,13.25,1/1/1965 0:00,10/31/1965 23:59,55
83670,Klagstorp,2,58.3331352,13.88040497,1/1/1961 0:00,12/31/1963 23:59,130
84020,Tranås,2,58.0389,14.9853,12/1/1961 0:00,5/31/1973 23:59,155
84050,Visingsö A,2,58.0951,14.4086,12/15/1995 0:00,10/1/2016 8:00,94
84060,Visingsö,2,58.0908,14.401,1/1/1965 0:00,2/28/1986 23:59,110
84260,Örberga,2,58.4274,14.826,11/1/1990 0:00,3/31/1993 23:59,105
84310,Karlsborg Mo,2,58.5185,14.5126,1/1/1951 0:00,12/31/1993 23:59,94
84340,Axstål Mo,2,58.5719,14.5722,6/1/2006 0:00,10/1/2016 8:00,91
84390,Fägre,2,58.6493,14.1265,7/1/1965 0:00,6/30/1979 23:59,97
84470,Älgarås,2,58.7906,14.3188,1/1/1978 0:00,12/31/1984 23:59,130
84520,Gårdsjö A,2,58.8772,14.3903,8/1/1995 0:00,10/1/2016 8:00,211
84580,Snavlunda,2,58.9671,14.8987,8/19/1972 0:00,8/31/1983 23:59,144
84610,Gränna,2,58.0333,14.4666,1/1/1965 0:00,5/31/1965 23:59,130
84620,Bällefors,2,58.5833,14.1166,7/1/1949 0:00,11/30/1964 23:59,90
84660,Askersund,2,58.88,14.9,1/1/1961 0:00,1/31/1963 23:59,100
85020,Tranås Aut,2,58.03,15.0206,11/1/1990 0:00,6/30/1991 23:59,185
85040,Malexander,2,58.0729,15.2352,12/1/1967 0:00,4/13/1983 23:59,153
85050,Malexander A,2,58.0718,15.2359,10/1/1995 0:00,10/1/2016 8:00,195
85130,Åtvidaberg,2,58.2,15.9833,1/1/1961 0:00,2/28/1975 23:59,100
85160,Bjärka-Säby,2,58.2662,15.7431,1/1/1961 0:00,3/31/1984 23:59,100
85180,Härsnäs,2,58.2886,15.237,6/1/2007 0:00,9/30/2016 23:59,119
85210,Herrberga,2,58.3935,15.2184,11/1/1977 0:00,4/30/2007 23:59,90
85220,Öjebro,2,58.3833,15.2,1/1/1961 0:00,9/30/1977 23:59,85
85240,Malmslätt,2,58.4004,15.5327,1/1/1949 0:00,10/1/2016 8:00,93
85250,Linköping,2,58.4166,15.6333,1/1/1961 0:00,8/31/1977 23:59,64
85270,Västerlösa,2,58.4447,15.3772,5/1/2002 0:00,2/28/2011 23:59,75
85280,Skärkind,2,58.472,16.0017,1/1/1978 0:00,8/31/2000 23:59,60
85390,Kvarn Mo,2,58.6277,15.4372,3/1/2010 0:00,10/1/2016 8:00,72
85410,Finspång,2,58.7104,15.8215,11/1/1990 0:00,3/31/1993 23:59,41
85450,Godegård,2,58.7936,15.1694,1/1/1961 0:00,2/29/1988 23:59,130
85460,Kettstaka A,2,58.7165,15.03,8/1/1995 0:00,10/1/2016 8:00,225
85490,Zinkgruvan,2,58.8063,15.1285,9/1/1983 0:00,8/31/2016 23:59,215
85520,Mariedamm,2,58.8509,15.164,11/1/1970 0:00,3/31/1983 23:59,132
85600,Adelsnäs,2,58.19981831,15.98018143,1/1/1945 0:00,8/31/1945 23:59,97
85630,Västra Ny,2,58.65,15.05,1/1/1961 0:00,12/31/1966 23:59,120
85650,Kärnskogen,2,58.85,15.2833,1/1/1951 0:00,4/30/1963 23:59,108
86090,Falerum,2,58.1425,16.2102,7/1/1968 0:00,4/30/1979 23:59,80
86130,Valdemarsvik,2,58.2148,16.5828,11/1/1990 0:00,3/31/1993 23:59,10
86200,Holma,2,58.3339,16.8157,5/1/1962 0:00,11/30/1996 23:59,5
86330,Marviken,2,58.5491,16.8157,5/1/1965 0:00,6/30/2002 23:59,10
86340,Norrköping-SMHI,2,58.5833,16.15,4/28/1993 0:00,8/4/2013 23:59,21
86350,Norrköping-Kungsängen,2,58.5842,16.2383,10/1/1972 0:00,8/31/1980 23:59,5
86360,Norrköping,2,58.606,16.2127,1/1/1961 0:00,3/31/1964 23:59,3
86370,Norrköping-Sörby,2,58.6082,16.1212,1/1/1949 0:00,6/30/1993 23:59,27
86420,Kolmården-Strömsfors A,2,58.6894,16.3103,12/15/1995 0:00,10/1/2016 8:00,153
86440,Stavsjö Aut,2,58.7333,16.3667,7/1/1993 0:00,3/1/1996 23:59,60
86470,Simonstorp,2,58.78468,16.15439,6/1/2014 0:00,12/3/2014 23:59,80
86480,Nyköpings Flygplats,2,58.7833,16.9166,7/1/1951 0:00,6/30/1979 23:59,42
86570,Ripsa,2,58.9817,16.9168,11/1/1990 0:00,4/1/1993 23:59,40
86610,Tyllinge,2,58.0166,16.0833,1/1/1965 0:00,6/30/1968 23:59,110
87140,Harstena A,2,58.2505,17.0106,12/15/1995 0:00,10/1/2016 8:00,14
87150,Harstena,2,58.2502,17.0095,1/1/1951 0:00,12/10/2001 23:59,5
87360,Gustaf Dalen A,2,58.5929,17.4704,1/1/1996 0:00,11/30/2008 23:59,25
87400,Oxelösund,2,58.6777,17.1223,1/1/1961 0:00,8/31/2016 23:59,10
87440,Landsort A,2,58.7433,17.8716,2/1/1996 0:00,10/1/2016 8:00,18
87450,Landsort,2,58.7421,17.8716,5/1/1997 0:00,6/30/2006 23:59,13
87540,Trosa,2,58.9,17.5666,1/1/1961 0:00,11/30/1980 23:59,5
88570,Utö,2,58.9502,18.2669,10/1/1985 0:00,9/30/1994 23:59,40
88580,Stabbo,2,58.9733,18.4493,2/1/1973 0:00,11/30/1986 23:59,7
89230,Gotska Sandön A,2,58.3943,19.1975,12/15/1995 0:00,10/1/2016 8:00,16
89240,Gotska Sandön,2,58.3928,19.197,1/1/1949 0:00,12/31/2006 23:59,12
89560,Huvudskär Ost A,2,58.9334,19.1833,9/1/2004 0:00,7/15/2010 0:00,4
91130,Bredviken,2,59.2184,11.9858,1/1/1961 0:00,4/30/1997 23:59,100
91370,Djurskog,2,59.6072,11.9321,1/1/1968 0:00,6/30/2002 23:59,280
91520,Hångstad,2,59.8633,11.9746,5/1/1969 0:00,2/28/1986 23:59,130
91620,Lennartsfors,2,59.3,11.9333,1/1/1951 0:00,9/30/1964 23:59,125
91660,Högsäter,2,59.88,11.97,1/1/1965 0:00,4/30/1969 23:59,135
92030,Åmål,2,59.0542,12.6969,1/1/1963 0:00,10/31/1979 23:59,60
92100,Säffle,2,59.1412,12.9359,1/1/1962 0:00,8/31/2016 23:59,50
92130,Blomskog A,2,59.2217,12.078,1/1/1996 0:00,9/30/2016 23:59,170
92170,Blomskog,2,59.2891,12.0542,10/1/1964 6:00,12/31/1995 23:59,110
92400,Arvika,2,59.6658,12.591,11/28/1983 0:00,12/31/1995 23:59,77
92410,Arvika A,2,59.6747,12.6381,1/1/1996 0:00,10/1/2016 8:00,66
93220,Karlstad Flygplats,2,59.4446,13.3374,10/1/1997 0:00,10/1/2016 8:00,107
93230,Karlstad Aut,2,59.361,13.4728,9/1/1986 0:00,8/31/1994 23:59,46
93250,Karlstad,2,59.384,13.4455,3/1/1999 0:00,9/30/2008 23:59,80
93360,Molkom,2,59.6166,13.75,11/1/1969 0:00,1/31/1979 23:59,93
93520,Sunne A,2,59.8644,13.1193,8/1/1995 0:00,10/1/2016 8:00,110
93580,Forshult,2,59.9445,13.5335,1/1/1961 0:00,12/31/1973 23:59,110
93640,Sutterhöjden,2,59.5833,13.9333,1/1/1951 0:00,10/31/1969 23:59,153
93650,Sunne,2,59.85,13.1666,1/1/1965 0:00,10/31/1965 23:59,85
94050,Åtorp,2,59.0966,14.3678,1/1/1965 0:00,8/31/2016 23:59,105
94140,Degerfors,2,59.2333,14.45,1/1/1961 0:00,12/31/1976 23:59,85
94170,Villingsberg,2,59.2833,14.7,1/1/1951 0:00,7/31/1979 23:59,148
94180,Kristinehamn,2,59.3107,14.1019,1/1/1961 0:00,9/30/2016 23:59,82
94190,Kilsbergen-Suttarboda A,2,59.3,14.8986,8/1/1995 0:00,10/1/2016 8:00,219
94370,Asphyttan,2,59.6112,14.1859,8/1/1982 0:00,1/31/1996 23:59,130
94390,Daglösen A,2,59.6616,14.1831,8/1/1995 0:00,10/1/2016 8:00,133
94410,Gammalkroppa,2,59.6833,14.3166,1/1/1961 0:00,5/31/1976 23:59,200
94430,Filipstad,2,59.7166,14.1666,1/1/1961 0:00,8/31/1975 23:59,141
94450,Persberg,2,59.7497,14.2354,9/1/1976 0:00,12/31/1984 23:59,225
94580,Ställdalen,2,59.9268,14.8881,3/1/1991 0:00,4/30/2000 23:59,257
94660,Stångfallet,2,59.95,14.8833,1/1/1961 0:00,1/31/1967 23:59,230
95020,Högsjö,2,59.0297,15.6858,1/1/1961 0:00,12/31/1993 23:59,69
95030,Vingåker,2,59.0667,15.9667,5/1/1970 0:00,4/30/1972 23:59,48
95130,Örebro A,2,59.2289,15.0455,12/1/2009 0:00,10/1/2016 8:00,53
95140,Örebro Flygplats,2,59.2334,15.05,12/1/1988 0:00,4/30/1993 23:59,57
95160,Örebro,2,59.2782,15.1574,5/1/1988 0:00,6/30/2005 23:59,35
95170,Örebro Aut,2,59.2671,15.2686,11/1/1990 0:00,8/15/1996 23:59,23
95230,Arboga,2,59.3833,15.8333,2/1/1952 0:00,12/31/1968 23:59,50
95320,Fellingsbro-Finnåker,2,59.5345,15.5857,9/1/1982 0:00,1/31/1996 23:59,51
95350,Lindesberg,2,59.5737,15.2365,1/1/1961 0:00,3/31/1986 23:59,70
95380,Grönbo,2,59.6396,15.418,8/1/1997 0:00,2/28/2003 23:59,85
95490,Riddarhyttan,2,59.8085,15.5555,3/1/1968 0:00,6/30/1984 23:59,155
95500,Skinnskatteberg,2,59.8333,15.6833,1/1/1961 0:00,6/30/1974 23:59,113
95530,Kloten,2,59.8707,15.2544,6/1/1978 0:00,8/31/2010 23:59,285
95540,Kloten A,2,59.8709,15.2553,8/1/2009 0:00,10/1/2016 8:00,289
95620,Örebro,2,59.2448,15.2854,1/1/1949 0:00,2/29/1964 23:59,36
95640,Uttersberg,2,59.75,15.6666,1/1/1965 0:00,12/31/1967 23:59,95
96000,Valla,2,59.0185,16.3709,1/1/1980 0:00,7/31/2014 23:59,50
96030,Strängstorp,2,59.05,16.2166,7/1/1963 0:00,12/31/1979 23:59,62
96040,Floda A,2,59.0561,16.3975,11/21/1995 0:00,10/1/2016 8:00,19
96120,Dunker,2,59.1469,16.8536,10/1/1992 0:00,2/28/1995 23:59,35
96140,Eklången,2,59.2361,16.7462,11/1/1993 0:00,7/31/2012 23:59,35
96190,Eskilstuna A,2,59.3832,16.4549,1/18/2008 6:00,9/30/2016 23:59,15
96220,Eskilstuna Aut,2,59.3868,16.4648,11/1/1990 0:00,3/31/1993 23:59,9
96230,Eskilstuna,2,59.3867,16.4647,1/1/1963 0:00,12/31/1983 23:59,8
96310,Köping,2,59.5171,15.9909,7/1/1968 0:00,9/30/1988 23:59,10
96350,Västerås,2,59.5976,16.6326,12/1/1998 0:00,8/31/2000 23:59,15
96370,Västerås,2,59.6166,16.55,1/1/1961 0:00,10/31/1972 23:59,10
96550,Sala,2,59.9045,16.6607,11/1/1970 0:00,8/31/2016 23:59,60
96560,Sala A,2,59.9098,16.6875,8/1/1995 0:00,10/1/2016 8:00,57
96600,Flodafors,2,59.0666,16.3666,7/1/1962 0:00,6/30/1963 23:59,50
96610,Bie,2,59.08304351,16.21345182,1/1/1945 0:00,7/31/1945 23:59,21
97100,Tullinge A,2,59.1789,17.9125,12/15/1995 0:00,10/1/2016 8:00,45
97110,Riksten,2,59.1833,17.9167,11/3/1969 0:00,6/30/1985 23:59,54
97120,Södertälje,2,59.182,17.6186,11/1/1995 0:00,3/31/2015 23:59,40
97150,Åkers Styckebruk,2,59.2511,17.0879,1/1/1961 0:00,9/30/1981 23:59,20
97170,Mariefred,2,59.2661,17.2342,10/1/1981 0:00,1/31/1983 23:59,10
97180,Nyckleby,2,59.3,17.7166,1/1/1961 0:00,6/30/1972 23:59,25
97190,Beckomberga,2,59.3658,17.8974,1/1/1957 0:00,12/31/1986 23:59,15
97200,Stockholm-Bromma,2,59.3537,17.9513,1/1/1949 0:00,10/1/2016 8:00,14
97210,Ulvhäll,2,59.3619,17.044,1/1/1961 0:00,2/29/1980 23:59,5
97240,Lyckås,2,59.4,17.6666,1/1/1961 0:00,3/31/1974 23:59,15
97260,Barkarby,2,59.4166,17.8833,1/1/1949 0:00,9/30/1973 23:59,17
97270,Strängnäs,2,59.402,17.0605,5/1/1980 0:00,12/31/1989 23:59,25
97280,Adelsö A,2,59.3582,17.5244,12/15/1995 0:00,10/1/2016 8:00,6
97370,Enköping Mo,2,59.6557,17.1121,9/1/2007 0:00,10/1/2016 9:00,26
97390,Arlanda,2,59.6557,17.9462,1/1/1962 0:00,12/31/1997 23:59,38
97400,Stockholm-Arlanda,2,59.6269,17.9545,2/1/2008 0:00,10/1/2016 9:00,42
97490,Ultuna,2,59.8139,17.6469,1/1/1961 0:00,8/31/2003 23:59,15
97510,Uppsala Aut,2,59.8586,17.6253,6/1/1985 0:00,10/1/2016 9:00,13
97520,Uppsala,2,59.8585,17.6252,1/1/1961 0:00,5/31/1985 23:59,13
97530,Uppsala Flygplats,2,59.8953,17.5935,1/1/1951 0:00,10/1/2016 9:00,21
97620,Vängsö,2,59.1166,17.2,1/1/1951 0:00,12/31/1960 23:59,15
97630,Aske,2,59.6166,17.65,9/1/1947 0:00,9/30/1963 23:59,15
98040,Berga Mo,2,59.0688,18.1184,3/1/2010 0:00,10/1/2016 9:00,4
98140,Stormyra,2,59.2032,18.3308,12/1/1978 0:00,6/30/1981 23:59,30
98160,Skarpö A,2,59.2996,18.7047,11/1/1995 0:00,4/30/2014 23:59,16
98170,Sandhamn,2,59.2901,18.9179,12/1/1965 0:00,8/31/1969 23:59,15
98180,Gustavsberg,2,59.3226,18.3725,1/1/1971 0:00,1/31/2015 23:59,10
98200,Värtan,2,59.35,18.1,11/1/1968 0:00,12/31/1972 23:59,20
98210,Stockholm,2,59.342,18.0575,1/1/1961 0:00,9/30/2016 23:59,44
98230,Stockholm A,2,59.3421,18.0577,10/1/1996 0:00,10/1/2016 9:00,44
98260,Röskär,2,59.4166,18.1666,1/1/1961 0:00,10/31/1979 23:59,15
98290,Husarö,2,59.5052,18.8417,6/1/1969 0:00,12/31/2014 23:59,10
98400,Kårsta,2,59.6575,18.2718,1/1/1961 0:00,2/29/1992 23:59,20
98460,Norrtälje,2,59.7506,18.7091,10/29/1974 0:00,3/31/1984 23:59,25
98490,Svanberga A,2,59.8321,18.6348,8/1/1995 0:00,10/1/2016 9:00,15
98510,Norrtälje-Väsby,2,59.8524,18.7296,1/1/1989 0:00,10/31/1994 23:59,10
98610,Berga,2,59.0833,18.1166,1/1/1945 0:00,11/30/1957 23:59,15
99090,Almagrundet A,2,59.1547,19.1298,10/11/1995 0:00,2/28/2010 23:59,3
99270,Svenska Högarna,2,59.4445,19.5059,1/1/1951 0:00,9/30/2016 23:59,12
99280,Svenska högarna A,2,59.4428,19.5058,6/1/2010 0:00,10/1/2016 9:00,12
99330,Svenska Björn Aut,2,59.55,20.02,4/1/1985 0:00,2/11/1994 9:00,1
99450,Söderarm A,2,59.7534,19.4087,1/1/1951 0:00,10/31/1995 23:59,5
